word,frequency,war,disease,markets
and,826,,,
information,783,,,
health,779,,1,
of,744,,,
social,638,,,
",",629,,,
(,489,,,
),487,,,
analysis,439,,,
media,406,,,
data,390,,,
news,302,,,
vaccine,302,,1,
detection,293,,1,1
systems,292,,,
communication,285,,,1
model,281,,,
disease,278,,1,
network,276,,,
learning,272,,,
public,272,,,
online,268,,,
digital,260,,,
system,258,,,
care,254,,1,
misinformation,251,,,
research,220,,,
bias,219,,,
drug,218,,1,
medical,218,,1,
education,205,,,
networks,204,,,
knowledge,204,,,
science,196,,,
theory,194,,,
human,191,,,
models,180,,,
behavior,175,,,
management,171,,,1
in,170,,,
political,168,,,
control,168,1,,
language,159,,,
patient,155,,1,
content,155,,,
risk,149,,,
to,147,,,
cancer,146,,1,
image,143,,,
community,142,,,
fake,141,,,
technology,136,,,
user,134,,,
process,134,,,
memory,133,,,
design,132,,,1
therapy,132,,1,
methods,132,,,
covid-19,129,,1,
modeling,128,,,
policy,128,,,1
virus,128,,1,
the,126,,,
literacy,120,,,1
agent,118,,,1
development,117,,,
security,115,1,,
food,115,,,
cell,114,,1,
assessment,113,,,
classification,112,,,
vaccination,108,,1,
scale,105,,,
for,105,,,
processing,103,,,
disorder,102,,,
time,102,,,
approach,101,,,
quality,99,,,
text,98,,,
services,98,,,1
medicine,96,,1,
evaluation,95,,,
neural,95,,1,
blood,95,,1,
internet,94,,,
studies,94,,,
clinical,94,,1,
effect,94,,,
cognitive,94,,,
protein,93,,1,
method,93,,,
environmental,92,,,
syndrome,92,,1,
support,91,,,
scientific,91,,,
web,90,,,
test,89,,,
graph,89,,,
use,88,,,
treatment,88,,1,
study,86,,,
techniques,85,,,
intelligence,85,1,,
acid,85,,,
infection,84,,1,
decision,83,,,1
trust,83,,,1
source,83,,1,
topic,83,,,
algorithms,83,,,
global,82,1,1,1
performance,82,,,
effects,82,,,
critical,82,,,
identification,82,,1,1
medium,79,,,
features,79,,,
algorithm,77,,,1
sexual,77,,,
level,77,,,
power,76,1,,
computer,76,,,
psychological,76,,1,
surgery,76,,1,
hospital,75,,1,
machine,75,,,
response,75,,,
service,74,,,1
visual,74,,,
population,74,,1,
semantic,72,,,
international,72,1,1,1
energy,72,,,
influence,71,1,,
change,70,,,
engineering,70,,,1
agents,70,1,,1
life,69,,1,
search,68,,,
practice,67,,,
group,67,,,
ai,67,,,
feature,67,,,
factors,66,,,
healthcare,66,,1,
natural,66,,,
's,66,,,
diseases,65,,1,
video,65,,,
artificial,65,,,
journalism,65,,,
training,64,,,
’,64,,,
mental,63,,1,
child,63,,,
state,63,1,,1
safety,63,1,,
personal,63,,,
high,63,,,
problems,62,,,
crisis,62,1,,
climate,62,,,
testing,61,,,
mobile,61,,,
.,61,,,
based,61,,,
impact,60,,,
national,60,1,,1
multiple,59,,,
emergency,59,1,,
FALSE,58,,,
interaction,58,,,1
retrieval,58,,,
strategies,58,1,,
transmission,57,,1,
professional,57,,,
disorders,57,,1,
rate,57,,,
strategy,57,1,,
tools,57,,,
intervention,57,1,1,
error,56,,,
computational,56,,,
factor,56,,,
protection,56,,,
family,56,,,
new,55,,,
applications,55,,,
technologies,55,,,
platform,55,,,1
government,55,1,,1
injury,55,,,
women,55,,,
monitoring,55,,,
pain,54,,1,
history,54,,,
attitude,54,,,
verification,54,,,
economic,53,,,1
a,53,,,
activity,53,,,
dental,53,,1,
as,53,,,
domain,53,,,
structure,52,,,
prevention,52,,,
stress,52,,,
people,52,,,
pandemic,52,,1,
nursing,52,,1,
attitudes,51,,,
industry,51,,,1
temporal,51,,,
framework,51,,,
manipulation,51,1,,
diffusion,51,,1,
prediction,51,,,
disinformation,51,,,
brain,50,,1,
vector,50,,1,
pregnancy,49,,1,
perception,49,,,
on,49,,,
world,49,,,
low,49,,,
beliefs,49,,,
cultural,49,,,
access,49,,,
body,49,,1,
respiratory,49,,1,
breast,48,,1,
behaviour,48,,,
school,48,,,
psychology,48,,,
ethics,48,,,
dynamics,47,,,
reasoning,47,,,
recognition,47,,,
groups,47,,,
optimization,47,,,
behavioral,47,,,
application,46,,,
communications,46,,,
communities,46,,,
self,46,,,
emotional,46,,,
student,46,,,
practices,46,,,
identity,45,,,
distributed,45,,,
heart,45,,,
s,45,,,
market,45,,,1
tumor,45,,,
environment,45,,,
sources,45,,1,
products,44,,,1
eye,44,,,
marketing,44,,,1
credibility,44,,,
-,44,,,
survey,44,,,
speech,44,,,
automated,44,,,
exposure,44,,1,
sharing,44,,,
administration,44,,,1
urban,44,,,
characteristics,44,,,
lung,44,,1,
positive,44,,,
deep,43,,,
hybrid,43,,,
barriers,43,,,
face,43,,,
review,43,,,
tool,43,,,
regulation,43,,,1
computing,43,,,
consumer,42,,,1
electronic,42,,,
perceived,42,,,
cyber,42,,,
attack,42,1,,
measures,42,1,,
coronavirus,42,,,
open,42,,,
culture,42,,,
statistical,42,,,
water,42,,,
extraction,42,,,
biological,41,,1,
resources,41,,,1
engagement,41,,,
skin,41,,1,
propagation,41,,1,
students,41,,,
program,41,,,
loss,41,1,,
belief,41,,,
nutrition,41,,1,
field,41,,,
educational,41,,,
chronic,41,,1,
vaccines,41,,1,
resource,41,,,1
approaches,40,,,
work,40,,,
physical,40,,,
animal,40,,,
automatic,40,,,
score,40,,,
selection,40,,,
general,40,,,
genetic,40,,,
maternal,40,,,
death,40,1,1,
privacy,40,,,
opinion,40,,,
platforms,40,,,1
regression,40,,,
images,40,,,
],39,,,
epistemic,39,,,
problem,39,,,
distribution,39,,,1
product,39,,,1
function,39,,,
experience,39,,,
virtual,39,,,
game,39,,,
awareness,39,,,
behaviors,39,,,
flow,39,,,
gender,39,,,
evidence,38,,,
solutions,38,,,1
random,38,,,
planning,38,1,,1
making,38,,,
conflict,38,1,,
accuracy,38,,,
index,38,,,
languages,38,,,
expert,38,,,
intelligent,38,,,
[,38,,,
generation,38,,,
truth,37,,,
plus,37,,,
qualitative,37,,,
message,37,,,
organizational,37,,,
delivery,37,,,
context,37,,,
failure,37,,,
mining,37,,,
war,37,1,,
users,37,,,1
weight,37,,,
sex,37,,,
oil,37,,,
immunization,37,,1,
acute,37,,,
rumor,37,,,
financial,37,,,
risks,37,,1,1
construction,37,,,
organization,36,,,
local,36,,,
perceptions,36,,,
frequency,36,,,
electric,36,,,
modelling,36,,,
politics,36,1,,
value,36,,,1
hiv,36,,1,
questionnaire,36,,,
dynamic,36,,,
rights,36,,,
issues,36,,,
potential,35,,,
visualization,35,,,
software,35,,,
games,35,,,
female,35,,,
twitter,35,,,
viral,35,,1,
parameters,35,,,
receptor,35,,,
legal,35,,,
events,35,,,
2,35,,,
with,35,,,
discourse,34,,,
diagnosis,34,,,
negative,34,,,
term,34,,,
movement,34,1,,
growth,34,,,1
forensic,34,1,,
gas,34,,,
representation,34,,,
type,34,,,
cost,34,,,1
reporting,34,,,
diet,34,,,
forest,34,,,
stem,34,,,
status,34,,,
:,34,,,
law,34,1,,
abortion,34,,1,
society,33,1,,1
oral,33,,1,
tobacco,33,,1,
mass,33,,,
resistance,33,1,,
optimal,33,,,1
relations,33,,,
attention,33,,,
complex,33,,,
policies,33,,,1
spread,33,,1,
messaging,33,,,
epidemic,32,,1,
graphs,32,,,
alternative,32,,,
noise,32,,,
short,32,,,
campaign,32,1,,
levels,32,,,
related,32,,,
anxiety,32,,,
nuclear,32,1,,
personnel,32,,,
disaster,32,1,1,
dietary,31,,,
extract,31,,,
workers,31,,,1
interactive,31,,,
gene,31,,1,
linguistic,31,,,
screening,31,,1,
covid,31,,1,
contraceptive,31,,1,
conspiracy,31,1,,
production,31,,,1
carcinoma,31,,1,
key,31,,,
black,31,,,
tissue,31,,,
mechanism,31,,,
american,31,,,
chemical,31,,,
correction,30,,,
thinking,30,,,
experimental,30,,,
drugs,30,,1,
european,30,,,
academic,30,,,
informations,30,,,
imaging,30,,1,
age,30,,,
african,30,,,
measurement,30,,,
relationships,30,,,
reproductive,30,,1,
technique,30,,,
real,30,,,
violence,30,,,
worker,29,,,1
central,29,,,
skills,29,,,
tests,29,,,
choice,29,,,1
active,29,,,
influenza,29,,1,
tract,29,,,
organizations,29,,,
reaction,29,,,
fusion,29,,,
joint,29,,,
pediatric,29,,,
inhibitor,29,,,
attacks,29,1,,
collaborative,29,,,
individual,29,,,1
sars-cov-2,29,,1,
analyse,29,,,
dataset,29,,,
procedures,29,,,
infections,28,,1,
word,28,,,
pattern,28,,,
liver,28,,,
surgical,28,,1,
case,28,,,
antibody,28,,1,
governance,28,1,,1
library,28,,,
estimation,28,,,
association,28,,,
trial,28,,,
neoplasms,28,,,
male,28,,,
south,28,,,
multimodal,28,,,
de,28,,,
consumption,28,,,1
sampling,28,,,
signal,28,,,
functional,28,,,
right,28,,,
countries,28,1,,
business,28,,,1
malicious,28,1,,
adversarial,28,1,,
&,28,,,
derivative,28,,,
acceptance,28,,,
seeking,28,,,
programming,27,,,
action,27,1,,
hepatitis,27,,,
set,27,,,
psychiatric,27,,,
document,27,,,
optical,27,,,
collective,27,,,
smart,27,,,
kidney,27,,,
plant,27,,,
phase,27,,,
linear,27,,,
nutritional,27,,,
infant,27,,,
structural,27,,,
space,27,,,
diagnostic,27,,1,
ethical,27,,,
processes,27,,,
feedback,27,,,1
node,27,,,
fact-checking,27,,,1
transfer,27,,,
event,27,,,
theories,27,,,
conservation,27,,,1
architecture,27,,,
pressure,27,,,
center,27,,,
task,27,,,
quantitative,27,,,
programs,27,,,
structures,27,,,
large,27,,,
adolescent,27,,,
surveillance,27,1,1,
errors,27,,,
muscle,27,,,
sustainable,26,,,
sleep,26,,,
adverse,26,,,
depression,26,,,
simulation,26,,,
pharmacy,26,,1,
personality,26,,,
transformer,26,,,
alcohol,26,,,
election,26,,,
dna,26,,,
abuse,26,,,
generative,26,,,
infrastructure,26,,,
peer,26,,,
b,26,,,
reduction,26,,,
systematic,26,,,
analytics,26,,,
radiation,26,,,
citizen,26,1,,
advertising,26,,,
technical,26,,,
algorithmic,26,,,1
early,26,,,
interventions,26,,1,1
',26,,,
university,26,,,
first,25,,,
literature,25,,,
patterns,25,,,
emerging,25,,,
infectious,25,,1,
chain,25,,,
hormone,25,,1,
light,25,,,
device,25,,,
mortality,25,,,
diabetes,25,,1,
vision,25,,1,
mechanisms,25,,,
integrated,25,,,
spatial,25,,,
audio,25,,,
ensemble,25,,,
multi,24,,,
procedure,24,,,
stochastic,24,,,
narrative,24,,,
novel,24,,,
innovation,24,,,1
birth,24,,,
fuzzy,24,,,
claims,24,,,
secondary,24,,,
laboratory,24,,1,
nurse,24,,1,
values,24,,,
home,24,,,
building,24,,,
equipment,24,,,
threat,24,1,,
children,24,,,
milk,24,,,
bone,24,,1,
bayesian,24,,,
database,24,,,
fear,24,,,
similarity,24,,,
rating,24,,,
migration,23,,,
surveys,23,,,
democratic,23,1,,
on-line,23,,,
moral,23,,,
regulatory,23,,,1
teaching,23,,,
results,23,,,
foreign,23,1,,
validation,23,,,
smoking,23,,1,
emotion,23,,,
aspects,23,,,
comparative,23,,,
role,23,,,
economy,23,,,1
frameworks,23,,,
childhood,23,,,
bacterial,23,,1,
dose,23,,1,
materials,23,,,
occupational,23,,,
cognition,23,,,
sector,23,,,
diversity,23,,,
cross,22,,,
primary,22,,,
interactions,22,,,
area,22,,,
differential,22,,,
freedom,22,,,
representations,22,,,
waste,22,,,
rapid,22,,,
synthetic,22,,,
technological,22,,,
experiment,22,,,
africa,22,,,
ethnic,22,,,
reliability,22,,,
predictive,22,,,
discovery,22,,,
long,22,,,
mitigation,22,,1,
outcome,22,,,
fact,22,,,
functions,22,,,
chinese,22,,,
future,22,,,
relationship,22,,,
person,22,,,
deepfake,22,,,
indigenous,22,,,
private,22,,,
dissemination,21,,,
claim,21,,,
specific,21,,,
justice,21,,,
interview,21,,,
classifier,21,,,
tomography,21,,,
traffic,21,,,
measure,21,,,
target,21,,,
challenges,21,,,
classifiers,21,,,
solution,21,,,
united,21,,,
industrial,21,,,1
evidence-based,21,,,
resilience,21,,,
military,21,1,,
good,21,,,
molecular,21,,,
ecosystem,21,,,
forensics,21,,,
racial,21,,,
hesitancy,21,,,
religious,21,,,
uncertainty,21,,,
centers,21,,,
civil,21,1,,
income,21,,,
translation,21,,,
efficiency,21,,,
clustering,21,,,
misleading,21,,,
intake,21,,,
controlled,21,,,
insurance,21,,,1
crime,21,,,
capacity,20,,,
trends,20,,,
counseling,20,,,
convolutional,20,,,
phenomena,20,,,
understanding,20,,,
distance,20,,,
or,20,,,
fracture,20,,,
preventive,20,,,
papillomavirus,20,,,
discussion,20,,,
decision-making,20,,,1
messages,20,,,
sample,20,,,
1,20,,,
commercial,20,,,
institutions,20,,,1
vehicle,20,,,
devices,20,,,
east,20,,,
young,20,,,
protocol,20,,,
act,20,,,
needs,20,,,
transportation,20,,,
rural,20,,,
standards,20,,,
transfusion,19,,1,
decisions,19,,,1
myths,19,,,
machines,19,,,
supervised,19,,,
integrity,19,,,
minority,19,,,
impacts,19,,,
contact,19,,,
knee,19,,,
conceptual,19,,,
by,19,,,
examination,19,,1,
tooth,19,,1,
sets,19,,,
concept,19,,,
cardiovascular,19,,1,
non,19,,,
disability,19,,1,
facial,19,,,
embedding,19,,,
heat,19,,,
shared,19,,,
sequence,19,,,
recommendation,19,,,
point,19,,,
adult,19,,,
informal,19,,,
empirical,19,,,
campaigns,19,1,,
current,19,,,
spinal,19,,,
sentiment,19,,,
head,19,,,
domains,19,,,
partial,19,,,
inference,19,,,
approximation,19,,,
implementation,19,,,
tracking,19,,,
websites,18,,,
binary,18,,,
immunity,18,,,
object,18,,,
art,18,,,
experiences,18,,,
metrics,18,,,
relation,18,,,
region,18,,,
provider,18,,1,
unit,18,,,
species,18,,,
reading,18,,,
integration,18,,,
urinary,18,,1,
economics,18,,,1
fields,18,,,
fault,18,,,
opioid,18,,,
immune,18,,,
induced,18,,,
costs,18,,,
selective,18,,,
spreading,18,,,
contraception,18,,1, 
physician,18,,1,
collaboration,18,,,
labeling,18,,,
populations,18,1,1,
size,18,,,
real-time,18,,,
numerical,18,,,
mobility,18,,,
component,18,,,
ratio,18,,,
patients,18,,1,
19,18,,,
hip,18,,,
single,18,,,
site,18,,,
fever,18,,,
sports,18,,,
mapping,18,,,
tree,18,,,
changes,18,,,
effective,18,,,
intention,18,,,
environments,18,,,
supply,18,,,1
parental,18,,,
advanced,18,,,
illness,18,,1,
density,18,,,
effectiveness,18,,,
electoral,18,,,
sensing,18,,,
deception,18,1,,
voting,18,,,
elections,17,,,
statistics,17,,,
informatics,17,,,
internal,17,,,
focus,17,,,
adaptive,17,,,
norms,17,,,
damage,17,1,,
properties,17,,,
threats,17,1,,
wireless,17,,,
participation,17,,,
audience,17,,,
propaganda,17,1,,
sensor,17,,,
harm,17,,,
analytical,17,,,
kinase,17,,,
multimedia,17,,,
mixed,17,,,
formal,17,,,
injection,17,,,
middle,17,,,
t,17,,,
biomedical,17,,,
evolution,17,,,
polarization,17,,,
protective,17,,,
theoretical,17,,,
writing,17,,,
color,17,,,
property,17,,,1
stability,17,,,
comparison,17,,,
addiction,17,,1,
load,17,,,
psychosocial,17,,,
project,17,,,
organic,17,,,
reality,17,,,
perspective,17,,,
guidelines,17,,,1
preference,17,,,1
interface,17,,,
discrete,17,,,
trade,17,,,1
toxicity,17,,,
networking,17,,,
hearing,17,,,
cycle,17,,,
equilibrium,17,,,
formation,17,,,
witness,17,,,
plasma,17,,,
trials,17,,,
correlation,17,,,
criminal,17,,,
contextual,17,,,
promotion,17,,,1
vitamin,17,,,
consensus,17,,,
mathematical,17,,,
agricultural,17,,,
cooperative,17,,,
partisan,17,1,,
societal,16,,,
sentence,16,,,
regional,16,,,
bayes,16,,,
proteins,16,,,
medication,16,,,
well-being,16,,,
air,16,,,
line,16,,,
compression,16,,,
white,16,,,
republic,16,,,
bot,16,,,
severe,16,,,
channels,16,,,
types,16,,,
latent,16,,,
therapeutic,16,,,
unsupervised,16,,,
designs,16,,,
cells,16,,,
confidence,16,,,
textual,16,,,
exchange,16,,,1
deficiency,16,,,
satisfaction,16,,,
strategic,16,1,,
question,16,,,
evolutionary,16,,,
experts,16,,,
hierarchical,16,,,
defense,16,1,,
conditions,16,,,
activities,16,,,
multi-modal,16,,,
journalistic,16,,,
storage,16,,,
stigma,16,,,
sodium,16,,,
big,16,,,
sensitivity,16,,,
epistemology,16,,,
reference,16,,,
spectrum,16,,,
eating,16,,,
carbon,16,,,
symptom,16,,1,
implications,16,,,
equity,16,,,
post,16,,,
resolution,16,,,
long-term,16,,,
videos,16,,,
reviews,16,,,
substance,16,,,
causal,16,,,
perspectives,16,,,
migrant,16,,,
allocation,16,,,
fluid,16,,,
web-based,16,,,
operations,16,,,
sites,15,,,
free,15,,,
number,15,,,
aids,15,,,
transform,15,,,
rates,15,,,
criteria,15,,,
intensive,15,,,
warfare,15,1,,
motivation,15,,,
informational,15,,,
attribution,15,,,
probability,15,,,
obesity,15,,,
essential,15,,,
packaging,15,,,
google,15,,,
prenatal,15,,1,
framing,15,,,
men,15,,,
validity,15,,,
c,15,,,
probabilistic,15,,,
vehicles,15,,,
geographic,15,,,
genital,15,,,
decentralized,15,,,
youth,15,,,
movements,15,1,,
logistic,15,,,
concepts,15,,,
fire,15,,,
sensors,15,,,
temperature,15,,,
deceptive,15,1,,
medicines,15,,1,
fundamental,15,,,
chemistry,15,,,
semantics,15,,,
setting,15,,,
legislation,15,,,
bidirectional,15,,,
psychiatry,15,,,
outcomes,15,,,
us,15,,,
synthesis,15,,,
blocking,15,,,
markets,15,,,1
states,15,,,
television,15,,,
randomized,15,,,
cellular,15,,1,
fetal,15,,1,
asian,15,,,
verbal,15,,,
components,15,,,
cortex,15,,,
record,15,,,
tasks,15,,,
capital,15,,,
newborn,15,,,
common,15,,,
traditional,15,,,
heterogeneous,15,,,
labor,15,,,1
datasets,15,,,
cues,15,,,
coverage,15,,,
independent,15,,,
utilization,15,,,
arabic,15,,,
hygiene,15,,,
democracy,15,1,,
behaviours,15,,,
physiological,15,,,
advocacy,15,,,
rumors,15,,,
transplantation,15,,,
ranking,15,,,
gap,14,,,
hpv,14,,,
agency,14,,,1
immigrant,14,,,
reconstruction,14,,,
fertility,14,,,
judgment,14,,,1
domestic,14,,,
preparedness,14,1,,
modified,14,,,
survival,14,1,,
retina,14,,,
background,14,,,
corporate,14,,,
intellectual,14,,,
north,14,,,
operation,14,,,
dimensions,14,,,
structured,14,,,
topical,14,,,
detections,14,,,
institutional,14,,,1
metabolism,14,,,
soft,14,,,
cardiac,14,,1,
cascade,14,,,
nerve,14,,1,
eyewitness,14,1,,
pollution,14,,1,
feeding,14,,,
fatty,14,,,
ecological,14,,,
western,14,,,
format,14,,,
class,14,,,
pedagogy,14,,,
donor,14,,,
hypothesis,14,,,
fiber,14,,,
multilingual,14,,,
congenital,14,,,
topics,14,,,
amplification,14,,,
graphical,14,,,
different,14,,,
civic,14,1,,
spam,14,,,
location,14,,,
label,14,,,
material,14,,,
demographic,14,,,
signals,14,,,
distress,14,1,,
large-scale,14,,,
sterilization,14,,,
susceptibility,14,,,
corpus,14,,,
historical,14,,,
link,14,,,
adrenal,14,,,
‘,14,,,
authorities,14,1,,1
competence,14,,,
three,14,,,
rna,14,,,
teachers,14,,,
recurrent,14,,,
expression,14,,,
analytic,14,,,
forgery,14,,,
artery,14,,,
prescription,14,,,
recall,14,,,
reactions,14,,,
citation,14,,,
dark,14,,,
agenda,14,,,
side,14,,,
interest,14,,,
libraries,14,,,
magnetic,14,,,
matching,14,,,
fetus,14,,,
asia,14,,,
assisted,14,,,
embeddings,13,,,
operational,13,,,
panel,13,,,
spf,13,,,
influences,13,1,,
immunodeficiency,13,,1,
nodes,13,,,
centrality,13,,,
benefits,13,,,
from,13,,,
methodology,13,,,
relevance,13,,,
filtering,13,,,
root,13,,,
hazard,13,1,,
sensory,13,,,
records,13,,,
``,13,,,
citizenship,13,1,,
stance,13,,,
generalized,13,,,
paper,13,,,
biology,13,,,
developmental,13,,,
maintenance,13,,,
infodemic,13,,1,
parent,13,,,
inflammatory,13,,,
x,13,,,
uptake,13,,,
logic,13,,,
article,13,,,
injuries,13,1,1,
direct,13,,,
markov,13,,,
apps,13,,,
accident,13,,,
order,13,,,
exercise,13,,,
code,13,,,
voice,13,,,
about,13,,,
disparities,13,,,
earthquake,13,,,
competitive,13,,,1
providers,13,,,
interests,13,,,
maximum,13,,,
inclusion,13,,,
website,13,,,
channel,13,,,
adaptation,13,,,
labels,13,,,
contamination,13,,1,
recovery,13,,,
authentication,13,,,
vaginal,13,,,
situational,13,,,
trauma,13,,,
prostate,13,,,
elements,13,,,
small,13,,,
equation,13,,,
facebook,13,,,
sciences,13,,,
argumentation,13,,,
corrective,13,,,1
factual,13,,,
need,13,,,
compliance,13,,,
removal,13,,,1
limited,13,,,
severity,13,,,
naive,13,,,
pulmonary,13,,1,
checking,13,,,
laser,13,,,
team,13,,,
conversational,13,,,
report,13,,,
blockchain,13,,,
variable,13,,,
pipeline,13,,,
texts,13,,,
activism,13,1,,
autonomous,13,,,
film,12,,,
adherence,12,,,
staff,12,,,
robust,12,,,
presidential,12,,,
electrical,12,,,
hierarchy,12,,,
lymphocyte,12,,,
health-related,12,,,
fourier,12,,,
plants,12,,,
adults,12,,,
assessments,12,,,
3,12,,,
standard,12,,,
radical,12,1,,
fast,12,,,
price,12,,,
difference,12,,,
curriculum,12,,,
gradient,12,,,
wavelet,12,,,
engine,12,,,
instruction,12,,,
u.s.,12,,,
refusal,12,,,
city,12,,,
beta,12,,,
bladder,12,,,
discrimination,12,,,
complementary,12,,,
fuel,12,,,
responses,12,,,
soil,12,,,
implant,12,,,
replacement,12,,,
cloud,12,,,
cause,12,,,
generated,12,,,
living,12,,,
inventory,12,,,
transition,12,,,
pre-trained,12,,,
ventilation,12,,,
affective,12,,,
under,12,,,
complexity,12,,,
volume,12,,,
moderation,12,,,1
reliable,12,,,
expertise,12,,1,1
contents,12,,,
rehabilitation,12,,,
speed,12,,,
agencies,12,,,1
nervous,12,,,
persuasive,12,1,,
surface,12,,,
fraud,12,1,,
lstm,12,,,
areas,12,,,
annotation,12,,,
differentiation,12,,,
tweet,12,,,
oxygen,12,,,
facilities,12,,,
gastrointestinal,12,,1,
great,12,,,
scoring,12,,,
calcium,12,,1,
remote,12,,,
2019,12,,,
coding,12,,,
interpersonal,12,,,
philosophy,12,,,
century,12,,,
cervical,12,,1,
concerns,12,,,
k,12,,,
uterine,12,,1,
experiments,12,,,
vulnerability,12,1,1,
healthy,12,,1,
curve,11,,,
relative,11,,,
'',11,,,
qualities,11,,,
generations,11,,,
implicit,11,,,
basic,11,,,
dependent,11,,,
ontology,11,,,
scenarios,11,,,
profiling,11,,,
schools,11,,,
parallel,11,,,
signaling,11,,,
landscape,11,,,
english,11,,,
coherence,11,,,
wave,11,,,
welfare,11,,,
resonance,11,,,
modern,11,,,
marine,11,,,
america,11,,,
description,11,,,
questions,11,,,
d,11,,,
narratives,11,1,,
objective,11,,,
usage,11,,,
stages,11,,,
map,11,,,
herbal,11,,,
professionals,11,,,
profiles,11,,,
coping,11,,,
activation,11,,,
comments,11,,,
mutation,11,,1,
press,11,,,
other,11,,,
matrix,11,,,
therapies,11,,1,
willingness,11,,,
trace,11,,1,
department,11,,,
warning,11,1,,
intentions,11,,,
pacific,11,,,
alignment,11,,,
estrogen,11,,1,
i,11,,,
hot,11,,,
spaces,11,,,
utility,11,,,
glucose,11,,1,
like,11,,,
edema,11,,1,
inequality,11,,,
racism,11,,,
disclosure,11,,,
interdisciplinary,11,,,
persuasion,11,1,,
concentration,11,,,
trait,11,,,
tax,11,,,1
emissions,11,,1,1
adoption,11,,,
malformation,11,,,
subjective,11,,,
filter,11,,1,
antigen,11,,,
discern,11,,,
inhibitors,11,,,
compounds,11,,,
solid,11,,,
hand,11,,,
job,11,,,
oxidase,11,,,
responsibility,11,,,
second,11,,,
systemic,11,,,
documents,11,,,
operating,11,,,
multi-agent,11,,,
sound,11,,,
ecology,11,,,
transforms,11,,,
inoculation,11,,1,
nature,11,,1,
dual,11,,,
participatory,11,,,1
graduate,11,,,
forced,11,,,
external,11,,,
leakage,11,,1,
denial,11,1,,
accountability,11,1,,
toxic,11,,1,
mathematics,11,,,
actions,11,,,
manual,11,,,
transformation,11,,,
stimulation,11,,,
transport,11,,,
efficacy,11,,,
industries,11,,,1
reports,11,,,
consent,11,,,
informed,11,,,
mechanical,11,,,
dimensional,11,,,
preferences,11,,,1
hair,11,,,
cannabis,11,,,
rule,11,,,
sense,10,,,
interference,10,1,,
chatbot,10,,,
police,10,,,1
gaussian,10,,,
form,10,,,
counter,10,,,
situation,10,,,
fat,10,,,
chains,10,,,
green,10,,,
6,10,,,
pulse,10,,,
information-seeking,10,,,
working,10,,,
contexts,10,,,
laws,10,,,1
teacher,10,,,
cord,10,,,
household,10,,,
epidemiological,10,,1,
federal,10,,,1
projects,10,,,
neck,10,,,
input,10,,,
indicators,10,,,1
mean,10,,,
oncology,10,,1,
transgender,10,,,
lifestyle,10,,,
third,10,,,
invasive,10,,1,
intrusion,10,1,,
metabolic,10,,,
norm,10,,,
localization,10,,,
organ,10,,,
breastfeeding,10,,,
tolerance,10,,,
aggregation,10,,,
immunoglobulin,10,,1,
exploitation,10,,,
minorities,10,,,
provenance,10,,,
simulations,10,,,
inhibition,10,,,
insulin,10,,,
radiology,10,,,
stakeholder,10,,,
transparency,10,,,
booster,10,,,
return,10,,,
passive,10,,,
older,10,,,
who,10,,,
major,10,,,
extreme,10,,,
sensitive,10,,,
tourism,10,,,
brazilian,10,,,
renal,10,,1,
collection,10,,,
biopsy,10,,1,
allergy,10,,1,
bacterium,10,,1,
la,10,,,
crowdsourcing,10,,,1
mineral,10,,,
publications,10,,,
trees,10,,,
party,10,,,
anterior,10,,,
arab,10,,,
length,10,,,
suggestibility,10,1,,
overload,10,,,
delay,10,,,
recommendations,10,,,
reinforcement,10,,,
russian,10,,,
obstetric,10,,,
computed,10,,,
hemorrhage,10,,,
anomaly,10,,,
innovative,10,,,
outbreak,10,,,
applied,10,,,
prosthesis,10,,,
spine,10,,,
longitudinal,10,,,
west,10,,,
faculty,10,,,
cosmetic,10,,,
authority,10,,,
release,10,,,
convolution,10,,,
datum,10,,,
h1n1,10,,,
associated,10,,,
is,10,,,
usability,10,,,
socioeconomic,10,,,
daily,10,,,
americans,10,,,
donation,10,,,
determinants,10,,,
palliative,10,,,
distributions,10,,,
output,10,,,
plastic,10,,,
interviewing,10,,,
rejection,10,,,
ad,10,,,
pharmaceutical,10,,,
fish,10,,,
condition,10,,,
strength,10,,,
thrombosis,10,,,
course,10,,,
argument,10,,,
universal,10,,,
facts,10,,,
query,10,,,
career,10,,,
transaction,10,,,
epidemiology,10,,,
#,10,,,
segmentation,10,,,
arthroplasty,10,,,
degree,10,,,
total,10,,,
metadata,10,,,
layer,10,,,
multivariate,10,,,
ideological,10,,,
undergraduate,10,,,
settings,10,,,
barrier,10,,,
base,10,,,
period,10,,,
baby,10,,,
matter,10,,,
vein,10,,,
geography,10,,,
ebola,10,,,
efficient,10,,,
nlp,10,,,
mycobacterium,10,,,
liquid,10,,,
epilepsy,10,,,
protocols,10,,,
contraceptives,10,,,
behavioural,10,,,
iron,10,,,
variant,10,,,
units,10,,,
bert,10,,,
nevus,10,,,
imbalance,9,,,
inquiry,9,,,
end,9,,,
coronary,9,,,
networked,9,,,
deaf,9,,,
consequences,9,,,
gland,9,,,
views,9,,,
diagnostics,9,,,
country,9,,,
hypertension,9,,,
coal,9,,,
resistant,9,,,
profile,9,,,
simple,9,,,
variation,9,,,
pharmacist,9,,,
scenario,9,,,
crowd,9,,,
over,9,,,
check,9,,,
radiography,9,,,
host,9,,,
mobilization,9,,,
higher,9,,,
disabilities,9,,,
tuberculosis,9,,,
tetanus,9,,,
federation,9,,,
prevalence,9,,,
requirements,9,,,
driving,9,,,
incentive,9,,,
characterization,9,,,
harmful,9,,,
coordination,9,,,
encoding,9,,,
stage,9,,,
petroleum,9,,,
robustness,9,,,
real-world,9,,,
bots,9,,,
lower,9,,,
refugee,9,,,
inverse,9,,,
app,9,,,
community-based,9,,,
mask,9,,,
instant,9,,,
accidents,9,,,
watermarking,9,,,
special,9,,,
impairment,9,,,
persons,9,,,
explainable,9,,,
precision,9,,,
computation,9,,,
stream,9,,,
adjuvant,9,,,
dependency,9,,,
cat,9,,,
compensation,9,,,
german,9,,,
fairness,9,,,
character,9,,,
societies,9,,,
trafficking,9,,,
thyroid,9,,,
deployment,9,,,
nations,9,,,
meat,9,,,
style,9,,,
auditory,9,,,
extended,9,,,
allergic,9,,,
swarm,9,,,
particle,9,,,
lead,9,,,
innovations,9,,,
menstrual,9,,,
one,9,,,
well,9,,,
consciousness,9,,,
sustainability,9,,,
relational,9,,,
enzyme,9,,,
trusted,9,,,
latino,9,,,
perceptual,9,,,
up,9,,,
position,9,,,
brand,9,,,
islamic,9,,,
instrument,9,,,
chemotherapy,9,,,
benchmark,9,,,
complication,9,,,
wind,9,,,
measles,9,,,
deficit,9,,,
explanatory,9,,,
indian,9,,,
isolation,9,,,
suicide,9,,,
pelvic,9,,,
ancestry,9,,,
avoidance,9,,,
foods,9,,,
liability,9,,,
anemia,9,,,
initial,9,,,
points,9,,,
aging,9,,,
escherichia,9,,,
decomposition,9,,,
leukemia,9,,,
paradigm,9,,,
coli,9,,,
lupus,9,,,
neonatal,9,,,
arthritis,9,,,
publishing,9,,,
personalized,9,,,
automation,9,,,
combination,9,,,
targeted,9,,,
travel,9,,,
mellitus,9,,,
capability,9,,,
symptoms,9,,,
adolescents,9,,,
room,9,,,
corona,9,,,
determination,9,,,
benefit,9,,,
traits,9,,,
differences,9,,,
malaria,9,,,
perinatal,9,,,
improved,9,,,
exploratory,9,,,
core,9,,,
minimum,9,,,
acquisition,9,,,
atrophy,9,,,
consultation,9,,,
scheme,9,,,
graph-based,9,,,
mexico,9,,,
journal,9,,,
distrust,9,,,
forums,9,,,
aircraft,9,,,
postpartum,9,,,
practitioner,8,,,
continuing,8,,,
corrections,8,,,
hospitals,8,,,
scholarly,8,,,
publication,8,,,
navigation,8,,,
sinus,8,,,
presentation,8,,,
fluency,8,,,
refugees,8,,,
concern,8,,,
threshold,8,,,
frontline,8,,,
peptide,8,,,
middle-income,8,,,
aid,8,,,
coordinated,8,,,
grid,8,,,
u.s,8,,,
summarization,8,,,
4,8,,,
delayed,8,,,
retention,8,,,
diplomacy,8,,,
distortion,8,,,
anesthesia,8,,,
/,8,,,
answering,8,,,
developing,8,,,
terms,8,,,
codes,8,,,
meta,8,,,
coefficient,8,,,
observation,8,,,
formula,8,,,
regions,8,,,
radio,8,,,
mesh,8,,,
ability,8,,,
vagina,8,,,
transformers,8,,,
boosting,8,,,
calibration,8,,,
finance,8,,,
short-term,8,,,
sociology,8,,,
mechanics,8,,,
incentives,8,,,
insufficiency,8,,,
withdrawal,8,,,
grade,8,,,
conflicts,8,,,
supports,8,,,
associative,8,,,
saudi,8,,,
antibiotic,8,,,
reputation,8,,,
microscopy,8,,,
testimony,8,,,
cutaneous,8,,,
vascular,8,,,
share,8,,,
plan,8,,,
employee,8,,,
genetics,8,,,
epidural,8,,,
membrane,8,,,
curation,8,,,
five,8,,,
myth,8,,,
acceptability,8,,,
demand,8,,,
wellbeing,8,,,
human-centered,8,,,
wild,8,,,
mouth,8,,,
vectors,8,,,
buildings,8,,,
attributes,8,,,
emission,8,,,
exponential,8,,,
spanish,8,,,
conversation,8,,,
constraints,8,,,
autonomy,8,,,
repeated,8,,,
drinking,8,,,
android,8,,,
elderly,8,,,
uterus,8,,,
mother,8,,,
alpha,8,,,
splicing,8,,,
2020,8,,,
computer-assisted,8,,,
revolution,8,,,
composition,8,,,
shortage,8,,,
southern,8,,,
manufacturing,8,,,
corticosteroid,8,,,
competencies,8,,,
immigrants,8,,,
consistency,8,,,
interstitial,8,,,
conditional,8,,,
mediation,8,,,
comprehensive,8,,,
endocrine,8,,,
directed,8,,,
conference,8,,,
dioxide,8,,,
emotions,8,,,
discharge,8,,,
intermittent,8,,,
result,8,,,
scientists,8,,,
androgen,8,,,
caregiver,8,,,
rhetoric,8,,,
faith,8,,,
survivors,8,,,
roles,8,,,
svm,8,,,
stakeholders,8,,,
count,8,,,
words,8,,,
fatigue,8,,,
hoc,8,,,
poisoning,8,,,
researches,8,,,
burnout,8,,,
fitness,8,,,
debunking,8,,,
cybe,8,,,
sudden,8,,,
restoration,8,,,
augmentation,8,,,
probabilities,8,,,
positioning,8,,,
modality,8,,,
mood,8,,,
depth,8,,,
trimester,8,,,
dentistry,8,,,
reproduction,8,,,
searching,8,,,
neoplasm,8,,,
maximization,8,,,
encoder,8,,,
cnn,8,,,
architectures,8,,,
metric,8,,,
antibodies,8,,,
islands,8,,,
diabetic,8,,,
osteoarthritis,8,,,
documentary,8,,,
scanning,8,,,
testosterone,8,,,
principles,8,,,
registry,8,,,
best,8,,,
heuristic,8,,,
accounts,8,,,
driver,8,,,
partnerships,8,,,
augmented,8,,,
medicinal,8,,,
publics,8,,,
serotonin,8,,,
alloys,8,,,
circuits,8,,,
literacies,8,,,
contagion,8,,,
difficulty,8,,,
papers,8,,,
motion,8,,,
named,8,,,
genetically,8,,,
entity,8,,,
opinions,8,,,
vulnerable,8,,,
healing,8,,,
land,8,,,
moving,8,,,
tv,8,,,
academy,8,,,
angiotensin,8,,,
microwave,8,,,
intensity,8,,,
containment,8,,,
databases,7,,,
”,7,,,
controls,7,,,
penis,7,,,
predatory,7,,,
e,7,,,
disruption,7,,,
chatgpt,7,,,
leaders,7,,,
fistula,7,,,
enhancement,7,,,
denialism,7,,,
cover,7,,,
bubble,7,,,
opiate,7,,,
ethinylestradiol,7,,,
injections,7,,,
humanities,7,,,
authenticity,7,,,
g,7,,,
court,7,,,
anti-vaccine,7,,,
listening,7,,,
indonesian,7,,,
religion,7,,,
being,7,,,
interfaces,7,,,
boundary,7,,,
sociotechnical,7,,,
robotic,7,,,
wildlife,7,,,
influencers,7,,,
echo,7,,,
rumour,7,,,
dispute,7,,,
haemophilus,7,,,
educations,7,,,
museum,7,,,
peripheral,7,,,
filters,7,,,
uses,7,,,
laparoscopic,7,,,
ankle,7,,,
neighbor,7,,,
postoperative,7,,,
electromagnetic,7,,,
needle,7,,,
alzheimer,7,,,
traumatic,7,,,
<,7,,,
seed,7,,,
beverage,7,,,
diphtheria,7,,,
interviews,7,,,
advice,7,,,
correspondence,7,,,
back,7,,,
spontaneous,7,,,
practical,7,,,
waves,7,,,
comprehension,7,,,
post-truth,7,,,
trustworthiness,7,,,
agent-based,7,,,
interpretation,7,,,
dermatitis,7,,,
searches,7,,,
advertizing,7,,,
microbial,7,,,
continued,7,,,
streams,7,,,
phone,7,,,
prescribing,7,,,
respiration,7,,,
red,7,,,
accessibility,7,,,
constructive,7,,,
gain,7,,,
australian,7,,,
mediterranean,7,,,
journals,7,,,
entropy,7,,,
lay,7,,,
logistics,7,,,
sunscreen,7,,,
affect,7,,,
no,7,,,
circumcision,7,,,
connected,7,,,
torsion,7,,,
peoples,7,,,
music,7,,,
challenge,7,,,
conditioning,7,,,
scalable,7,,,
veracity,7,,,
symbolic,7,,,
stewardship,7,,,
pneumonia,7,,,
subject,7,,,
two,7,,,
sport,7,,,
tensor,7,,,
square,7,,,
bleeding,7,,,
availability,7,,,
telecommunication,7,,,
circulation,7,,,
conversations,7,,,
hemoglobin,7,,,
infarction,7,,,
ultrasound,7,,,
california,7,,,
cholesterol,7,,,
asymmetry,7,,,
discussions,7,,,
veterans,7,,,
basis,7,,,
buying,7,,,
dairy,7,,,
5,7,,,
mistrust,7,,,
nose,7,,,
data-driven,7,,,
restriction,7,,,
renewable,7,,,
content-based,7,,,
journalists,7,,,
conformity,7,,,
linguistics,7,,,
acoustic,7,,,
memories,7,,,
elimination,7,,,
variables,7,,,
degeneration,7,,,
creation,7,,,
reactive,7,,,
amino,7,,,
disruptive,7,,,
sequences,7,,,
out,7,,,
hidden,7,,,
print,7,,,
instruments,7,,,
cepstral,7,,,
race,7,,,
agonist,7,,,
pertussis,7,,,
newspapers,7,,,
identifications,7,,,
mosquito,7,,,
live,7,,,
parameter,7,,,
hate,7,,,
lineage,7,,,
interval,7,,,
geographical,7,,,
dysfunction,7,,,
habits,7,,,
acetate,7,,,
parents,7,,,
stiffness,7,,,
edge,7,,,
hormones,7,,,
generalization,7,,,
stock,7,,,
illegal,7,,,
deprivation,7,,,
immunotherapy,7,,,
audit,7,,,
centered,7,,,
cytokine,7,,,
venous,7,,,
facility,7,,,
logical,7,,,
habitat,7,,,
observational,7,,,
floor,7,,,
college,7,,,
zika,7,,,
view,7,,,
diets,7,,,
schedule,7,,,
typhoid,7,,,
official,7,,,
polymerase,7,,,
motor,7,,,
geriatric,7,,,
assistance,7,,,
sulfate,7,,,
eu,7,,,
monkeypox,7,,,
thematic,7,,,
reverse,7,,,
responsible,7,,,
italian,7,,,
guideline,7,,,
continuous,7,,,
feasibility,7,,,
physicians,7,,,
category,7,,,
anti-vaccination,7,,,
v,7,,,
poliomyelitis,7,,,
observer,7,,,
ownership,7,,,
actors,7,,,
panic,7,,,
likelihood,7,,,
stimulating,7,,,
financing,7,,,
gray,7,,,
convention,7,,,
monoamine,7,,,
degradation,7,,,
fossil,7,,,
maps,7,,,
scientist,7,,,
signature,7,,,
scores,7,,,
classifications,7,,,
force,7,,,
fibrosis,7,,,
embedded,7,,,
least,7,,,
crises,7,,,
native,7,,,
ovary,7,,,
optic,7,,,
encephalitis,7,,,
humanitarian,7,,,
assurance,7,,,
objection,7,,,
phobia,7,,,
ncov,7,,,
goals,7,,,
europe,7,,,
gestational,7,,,
arm,7,,,
budget,7,,,
clotting,7,,,
youtube,7,,,
governments,7,,,
pancreas,7,,,
modification,7,,,
aspect,7,,,
china,7,,,
account,7,,,
weighted,7,,,
detecting,7,,,
caribbean,7,,,
modules,7,,,
empowerment,7,,,
cascades,7,,,
conversion,7,,,
finding,7,,,
separation,7,,,
outreach,7,,,
conscientious,7,,,
editing,7,,,
dog,7,,,
associations,6,,,
debate,6,,,
bad,6,,,
cue,6,,,
toxin,6,,,
intolerance,6,,,
populism,6,,,
doctor,6,,,
lobe,6,,,
drivers,6,,,
state-of-the-art,6,,,
frame,6,,,
board,6,,,
agriculture,6,,,
nicotinamide,6,,,
elaboration,6,,,
toolkit,6,,,
illusion,6,,,
bodies,6,,,
treatments,6,,,
economies,6,,,
virtue,6,,,
voices,6,,,
japanese,6,,,
programme,6,,,
potassium,6,,,
childbirth,6,,,
extremism,6,,,
asymptomatic,6,,,
segment,6,,,
hoaxes,6,,,
office,6,,,
bullying,6,,,
ads,6,,,
fixed,6,,,
authorship,6,,,
cancers,6,,,
transnational,6,,,
queries,6,,,
integer,6,,,
binding,6,,,
antineoplastic,6,,,
ablation,6,,,
hyperplasia,6,,,
dosage,6,,,
presumed,6,,,
nigeria,6,,,
predictors,6,,,
pilot,6,,,
definition,6,,,
rubella,6,,,
18,6,,,
ground,6,,,
texture,6,,,
recombinant,6,,,
lipid,6,,,
indirect,6,,,
customer,6,,,
statement,6,,,
partner,6,,,
TRUE,6,,,
evaluations,6,,,
habit,6,,,
impaired,6,,,
colonization,6,,,
extension,6,,,
sales,6,,,
complications,6,,,
variability,6,,,
step,6,,,
incidence,6,,,
rhetorical,6,,,
portuguese,6,,,
graphics,6,,,
adrenergic,6,,,
correlations,6,,,
modular,6,,,
shift,6,,,
fraction,6,,,
electricity,6,,,
troll,6,,,
cessation,6,,,
+,6,,,
covid19,6,,,
governmental,6,,,
cerebral,6,,,
trend,6,,,
transcription,6,,,
commitment,6,,,
breathing,6,,,
reservoir,6,,,
terrorism,6,,,
posterior,6,,,
reversible,6,,,
significance,6,,,
poor,6,,,
dominance,6,,,
naïve,6,,,
tropical,6,,,
sphere,6,,,
era,6,,,
minimization,6,,,
feminist,6,,,
alarm,6,,,
stenosis,6,,,
tweets,6,,,
veteran,6,,,
readiness,6,,,
acquired,6,,,
communicative,6,,,
entry,6,,,
ontologies,6,,,
hypersensitivity,6,,,
pneumococcal,6,,,
profession,6,,,
provision,6,,,
comment,6,,,
combined,6,,,
sars,6,,,
audiences,6,,,
net,6,,,
recurrence,6,,,
serial,6,,,
fallacy,6,,,
vertical,6,,,
librarians,6,,,
audiovisual,6,,,
squamous,6,,,
dengue,6,,,
robots,6,,,
ray,6,,,
n,6,,,
keywords,6,,,
heritage,6,,,
incontinence,6,,,
forum,6,,,
ontological,6,,,
fractures,6,,,
seizure,6,,,
intracranial,6,,,
leadership,6,,,
reform,6,,,
airway,6,,,
monte,6,,,
carlo,6,,,
chat,6,,,
gist,6,,,
apnea,6,,,
flexible,6,,,
internet-based,6,,,
dilemma,6,,,
parliament,6,,,
cross-sectional,6,,,
companies,6,,,
elite,6,,,
employment,6,,,
third-party,6,,,
managements,6,,,
upper,6,,,
regulations,6,,,
impulse,6,,,
steroid,6,,,
potentials,6,,,
dirichlet,6,,,
assistant,6,,,
sexuality,6,,,
investigation,6,,,
dependence,6,,,
defence,6,,,
blindness,6,,,
convergence,6,,,
skepticism,6,,,
generic,6,,,
causality,6,,,
migrants,6,,,
prep,6,,,
graft,6,,,
housing,6,,,
reflection,6,,,
workplace,6,,,
recommender,6,,,
medically,6,,,
lymphoma,6,,,
stimulus,6,,,
inconsistency,6,,,
retinal,6,,,
low-income,6,,,
computers,6,,,
surgeon,6,,,
brazil,6,,,
entities,6,,,
member,6,,,
mexican,6,,,
sea,6,,,
woman,6,,,
works,6,,,
screen,6,,,
dialogue,6,,,
nicotine,6,,,
lab,6,,,
api,6,,,
intravenous,6,,,
fair,6,,,
copyright,6,,,
cutting,6,,,
anti,6,,,
smoke,6,,,
causes,6,,,
underserved,6,,,
korean,6,,,
congo,6,,,
preliminary,6,,,
variance,6,,,
premature,6,,,
ratings,6,,,
york,6,,,
familial,6,,,
multinomial,6,,,
spectrometry,6,,,
detector,6,,,
vehicular,6,,,
day,6,,,
spider,6,,,
advancement,6,,,
house,6,,,
spectroscopy,6,,,
ad-hoc,6,,,
intermediary,6,,,
cluster,6,,,
makings,6,,,
ai-generated,6,,,
fukushima,6,,,
drainage,6,,,
ventricle,6,,,
eastern,6,,,
additional,6,,,
lexical,6,,,
decentralised,6,,,
articles,6,,,
supplement,6,,,
immunizations,6,,,
browser,6,,,
preprint,6,,,
acids,6,,,
spatio-temporal,6,,,
dry,6,,,
bed,6,,,
measurements,6,,,
mandatory,6,,,
disparity,6,,,
radar,6,,,
chadox1,6,,,
balance,6,,,
planned,6,,,
heavy,6,,,
anthropology,6,,,
girls,6,,,
gaps,6,,,
whole,6,,,
“,6,,,
sequential,6,,,
goods,6,,,
suppression,6,,,
stereotypes,6,,,
popularity,6,,,
weather,6,,,
adjustment,6,,,
gathering,6,,,
reasons,6,,,
topology,6,,,
notification,6,,,
disabled,6,,,
foot,6,,,
cooperation,6,,,
heuristics,6,,,
infertility,6,,,
cosine,6,,,
genome,6,,,
fruit,6,,,
catastrophic,6,,,
audio-visual,6,,,
preventative,6,,,
forgetting,6,,,
multilayer,6,,,
aggressive,6,,,
holistic,6,,,
implants,6,,,
transmitted,6,,,
orientation,6,,,
hazards,6,,,
post-event,6,,,
burden,6,,,
sectors,6,,,
descriptive,6,,,
incident,6,,,
bi-directional,6,,,
endorsement,6,,,
influenzae,6,,,
feminism,6,,,
connectivity,6,,,
influential,6,,,
translational,6,,,
zinc,6,,,
spreader,6,,,
socio-technical,6,,,
licensing,6,,,
appraisal,6,,,
unproven,6,,,
oncologist,6,,,
lda,6,,,
network-based,6,,,
quantum,6,,,
massive,6,,,
series,6,,,
transplant,6,,,
posts,6,,,
repair,6,,,
statements,6,,,
censorship,6,,,
controversy,6,,,
telephone,6,,,
operative,6,,,
prophylaxis,6,,,
street,6,,,
routing,6,,,
antiviral,6,,,
purchase,6,,,
trading,6,,,
ultraviolet,6,,,
popular,6,,,
origins,6,,,
constraint,6,,,
remedies,6,,,
purpose,6,,,
implantation,6,,,
cumulative,6,,,
forecasting,6,,,
ml,6,,,
sputnik,6,,,
predictions,6,,,
filtration,6,,,
medicare,6,,,
irrigation,6,,,
k-nearest,5,,,
headline,5,,,
malware,5,,,
solar,5,,,
colorectal,5,,,
nigerian,5,,,
architectural,5,,,
gan,5,,,
hematoma,5,,,
usefulness,5,,,
multi-label,5,,,
aortic,5,,,
mutual,5,,,
end-to-end,5,,,
multi-layer,5,,,
conduct,5,,,
supervision,5,,,
vessel,5,,,
user-centered,5,,,
preprocessing,5,,,
quantization,5,,,
heterogeneity,5,,,
parathyroid,5,,,
additive,5,,,
static,5,,,
overall,5,,,
cholera,5,,,
iterative,5,,,
paralysis,5,,,
fuels,5,,,
companion,5,,,
communicable,5,,,
inspection,5,,,
11,5,,,
refutation,5,,,
hormonal,5,,,
desire,5,,,
wide,5,,,
hemorrhagic,5,,,
mindfulness,5,,,
spreaders,5,,,
main,5,,,
hoax,5,,,
flows,5,,,
florida,5,,,
manipulations,5,,,
perturbation,5,,,
things,5,,,
canal,5,,,
acting,5,,,
driven,5,,,
gluconate,5,,,
independence,5,,,
warnings,5,,,
near,5,,,
footprint,5,,,
forms,5,,,
connection,5,,,
gaming,5,,,
detectors,5,,,
meaning,5,,,
universities,5,,,
wildfire,5,,,
neuroendocrine,5,,,
drink,5,,,
recursive,5,,,
goal,5,,,
beam,5,,,
guidance,5,,,
stone,5,,,
categorization,5,,,
biochemical,5,,,
thrombocytopenia,5,,,
capabilities,5,,,
fine,5,,,
cervix,5,,,
farmers,5,,,
in-depth,5,,,
ideas,5,,,
capsule,5,,,
keyword,5,,,
assault,5,,,
misuse,5,,,
variational,5,,,
loop,5,,,
british,5,,,
horse,5,,,
friendly,5,,,
coefficients,5,,,
sun,5,,,
human-machine,5,,,
vacuum,5,,,
delusion,5,,,
routine,5,,,
colon,5,,,
abstinence,5,,,
rectal,5,,,
district,5,,,
updating,5,,,
nationalism,5,,,
competency,5,,,
erythematosus,5,,,
medias,5,,,
urine,5,,,
lumbar,5,,,
pay,5,,,
competences,5,,,
normative,5,,,
derived,5,,,
profit,5,,,
weak,5,,,
low-resource,5,,,
ethnography,5,,,
ethnographic,5,,,
valence,5,,,
farming,5,,,
judgments,5,,,
fiction,5,,,
rupture,5,,,
voluntary,5,,,
marijuana,5,,,
origin,5,,,
arts,5,,,
overlapping,5,,,
match,5,,,
burn,5,,,
misconduct,5,,,
pathogen,5,,,
majority,5,,,
carrier,5,,,
auxiliary,5,,,
abstract,5,,,
nucleic,5,,,
poisson,5,,,
sentiments,5,,,
countermeasures,5,,,
school-based,5,,,
unhealthy,5,,,
cut,5,,,
anatomy,5,,,
waiting,5,,,
procedural,5,,,
robot,5,,,
northern,5,,,
microbiome,5,,,
9,5,,,
locus,5,,,
resuscitation,5,,,
methodological,5,,,
nocebo,5,,,
cov,5,,,
incomplete,5,,,
chlamydia,5,,,
priming,5,,,
attachment,5,,,
gynecologic,5,,,
airborne,5,,,
f,5,,,
percolation,5,,,
flag,5,,,
humans,5,,,
vital,5,,,
competition,5,,,
participant,5,,,
arterial,5,,,
trustworthy,5,,,
socio-cultural,5,,,
greenhouse,5,,,
revision,5,,,
herd,5,,,
inferential,5,,,
rhythm,5,,,
regeneration,5,,,
psycho-linguistic,5,,,
dinucleotide,5,,,
adenine,5,,,
defect,5,,,
intrauterine,5,,,
chloride,5,,,
tf-idf,5,,,
pipelines,5,,,
exploration,5,,,
hurricane,5,,,
e-commerce,5,,,
owners,5,,,
neurologic,5,,,
wars,5,,,
night,5,,,
hawkes,5,,,
river,5,,,
limb,5,,,
scheduling,5,,,
recollection,5,,,
cold,5,,,
imagery,5,,,
satellite,5,,,
pump,5,,,
co,5,,,
sovereignty,5,,,
investments,5,,,
orders,5,,,
spirals,5,,,
defensive,5,,,
indexing,5,,,
digestive,5,,,
instability,5,,,
preparation,5,,,
importance,5,,,
peptides,5,,,
4,5,,,
efforts,5,,,
antagonist,5,,,
foundations,5,,,
peace,5,,,
directions,5,,,
labour,5,,,
explicit,5,,,
shaping,5,,,
box,5,,,
spectral,5,,,
principal,5,,,
incivility,5,,,
5g,5,,,
car,5,,,
embolization,5,,,
sentimental,5,,,
swelling,5,,,
axis,5,,,
caregivers,5,,,
pathways,5,,,
antivaccine,5,,,
dermatology,5,,,
spiral,5,,,
grammatical,5,,,
rich,5,,,
do,5,,,
rules,5,,,
creative,5,,,
cities,5,,,
adipose,5,,,
repository,5,,,
orthopedic,5,,,
iot,5,,,
portals,5,,,
compound,5,,,
arrest,5,,,
circuit,5,,,
trump,5,,,
shame,5,,,
schema,5,,,
hallucination,5,,,
sizes,5,,,
average,5,,,
preservation,5,,,
gyrus,5,,,
nurses,5,,,
operators,5,,,
relevant,5,,,
rabies,5,,,
rome,5,,,
tube,5,,,
sanitary,5,,,
blind,5,,,
producers,5,,,
hash,5,,,
explanation,5,,,
zone,5,,,
bandwidth,5,,,
ict,5,,,
machinery,5,,,
muslim,5,,,
treat,5,,,
combat,5,,,
corpora,5,,,
analyze,5,,,
ester,5,,,
norethisterone,5,,,
connections,5,,,
interrogation,5,,,
preschool,5,,,
diverse,5,,,
hashing,5,,,
parts,5,,,
substitution,5,,,
forces,5,,,
lie,5,,,
initiation,5,,,
poliovirus,5,,,
inactivated,5,,,
k-means,5,,,
delays,5,,,
median,5,,,
ignorance,5,,,
multi-view,5,,,
contrast,5,,,
attenuation,5,,,
alienation,5,,,
radiological,5,,,
disturbance,5,,,
rescue,5,,,
sheep,5,,,
spike,5,,,
aesthetic,5,,,
spin,5,,,
division,5,,,
reliance,5,,,
church,5,,,
conservative,5,,,
hard,5,,,
tagging,5,,,
condoms,5,,,
using,5,,,
ii,5,,,
lymph,5,,,
autoencoder,5,,,
interleukin,5,,,
certainty,5,,,
informing,5,,,
vegetable,5,,,
discipline,5,,,
route,5,,,
misperceptions,5,,,
toll,5,,,
credible,5,,,
antiretroviral,5,,,
initiative,5,,,
menopausal,5,,,
socially,5,,,
all,5,,,
recreational,5,,,
tutoring,5,,,
botulinum,5,,,
trajectory,5,,,
penicillin,5,,,
constitutional,5,,,
mucosal,5,,,
immediate,5,,,
exclusion,5,,,
southeast,5,,,
prognosis,5,,,
cigarette,5,,,
opportunity,5,,,
ukraine,5,,,
capitalism,5,,,
handling,5,,,
incidental,5,,,
dempster-shafer,5,,,
cross-cultural,5,,,
multi-level,5,,,
weakness,5,,,
anticoagulant,5,,,
narcotic,5,,,
singapore,5,,,
rotator,5,,,
cuff,5,,,
formulation,5,,,
valley,5,,,
whatsapp,5,,,
zoster,5,,,
supplementation,5,,,
throat,5,,,
lateral,5,,,
misinformed,5,,,
tactics,5,,,
marker,5,,,
salt,5,,,
percutaneous,5,,,
recording,5,,,
path,5,,,
connective,5,,,
purchasing,5,,,
seasonal,5,,,
motivated,5,,,
at,5,,,
versus,5,,,
involvement,5,,,
issue,5,,,
herpes,5,,,
excavation,5,,,
page,5,,,
musculoskeletal,5,,,
earthquakes,5,,,
interoperability,5,,,
obstructive,5,,,
self-determination,5,,,
editorial,5,,,
athlete,5,,,
anastomosis,5,,,
patient-provider,5,,,
consumers,5,,,
wearable,5,,,
sexually,5,,,
emergencies,5,,,
idiopathic,5,,,
interferon,5,,,
bnt,5,,,
cybersecurity,5,,,
drosophila,5,,,
disasters,5,,,
thresholding,5,,,
success,5,,,
leptospira,5,,,
tertiary,5,,,
ideology,5,,,
morbidity,5,,,
motivations,5,,,
flu,5,,,
neuroscience,5,,,
clinic,5,,,
survivor,5,,,
skill,5,,,
preparations,5,,,
librarianship,5,,,
ethic,5,,,
pakistan,5,,,
questionnaires,5,,,
biased,5,,,
geospatial,5,,,
hardware,5,,,
terminal,5,,,
communicating,5,,,
outpatient,5,,,
coastal,5,,,
self-efficacy,5,,,
polarity,5,,,
graphic,5,,,
context-aware,5,,,
mumps,5,,,
induction,5,,,
ecosystems,5,,,
mode,5,,,
its,5,,,
intent,5,,,
receiver,5,,,
third-person,5,,,
volatile,5,,,
borne,5,,,
abdominal,5,,,
chamber,5,,,
tick,5,,,
papilloma,5,,,
interpretable,5,,,
ideation,5,,,
autoimmune,5,,,
surgeons,5,,,
occlusion,5,,,
macular,5,,,
rough,5,,,
multidisciplinary,5,,,
distraction,5,,,
comfort,5,,,
corruption,5,,,
lyme,5,,,
sugar,5,,,
lack,5,,,
prior,5,,,
compendia,5,,,
canadian,5,,,
nonlinear,5,,,
game-theoretic,5,,,
electron,5,,,
coupled,5,,,
neuropathy,5,,,
partnership,5,,,
parties,5,,,
antimicrobial,5,,,
tenofovir,5,,,
intraocular,5,,,
harms,5,,,
layers,5,,,
